Unnamed: 0,Dataset,WithinGroupDiversity,InterGroupDiversity,CombinedFairnessDiversityScore
0,DiverseDataset,0.8376078367870562,0.3505220805768225,0.5870800846090444
1,FFHQ,0.8088448891873051,0.34808975816923,0.5845246198464723
2,IMDB,0.785151125363707,0.3526162454405881,0.5681579041192416
3,LFW,0.8304923489989053,0.3600424381308589,0.6011042130248617
4,UTK,0.7952986843444172,0.3502887799659556,0.5727405145415544
5,WIKI,0.8388720880109881,0.35714656467271905,0.5970539991544987
