Unnamed: 0,Dataset,WithinGroupDiversity,InterGroupDiversity,CombinedFairnessDiversityScore
0,DiverseDataset,0.8282021905990856,0.3505179582924386,0.5925282591199337
1,FFHQ,0.831684248833473,0.3220424941268652,0.5671508092600601
2,IMDB,0.8238269065042795,0.3382524599291477,0.5678129053789095
3,LFW,0.8183120093331973,0.2681132505449515,0.5398484778724737
4,UTK,0.7851480849027417,0.3520567822172384,0.5789480384666996
5,WIKI,0.8203330638422474,0.242224259014854,0.5298724257622948
