Unnamed: 0,Dataset,WithinGroupDiversity,InterGroupDiversity,CombinedFairnessDiversityScore
0,DiverseDataset,0.824631984600556,0.3496633077690649,0.5909671153180549
1,FFHQ,0.8370877057814783,0.31903465518007434,0.5727086139314375
2,IMDB,0.805375156200747,0.3376829009665185,0.5708676493908584
3,LFW,0.8007138869044789,0.27035902921551863,0.5416744550035517
4,UTK,0.8011570526875174,0.3482384552558593,0.5819623832385705
5,WIKI,0.8190144370608142,0.23977983360037464,0.53080489402429
