Unnamed: 0,Dataset,WithinGroupDiversity,InterGroupDiversity,CombinedFairnessDiversityScore
0,DiverseDataset,0.8391311014045331,0.3515252234442456,0.5922655497921003
1,FFHQ,0.855411151320673,0.34812539028921147,0.5977541126873083
2,IMDB,0.7993233044468891,0.34806901188936407,0.5722653270906223
3,LFW,0.86577977934936,0.3618547973632047,0.6007921046135519
4,UTK,0.8072571871245063,0.3527698412217014,0.5707825191012987
5,WIKI,0.8465050923771898,0.3617684016182358,0.6005800921325894
