Unnamed: 0,Dataset,WithinGroupDiversity,InterGroupDiversity,CombinedFairnessDiversityScore
0,DiverseDataset,0.8125205854923797,0.35023919017691524,0.58117690812433
1,FFHQ,0.834769355018724,0.3196828475782923,0.5628200800220912
2,IMDB,0.7891446531982466,0.34231598973535227,0.5684429666056325
3,LFW,0.7959331440229537,0.2700197075533367,0.5425495422186324
4,UTK,0.8078214328542931,0.34899553767225155,0.5710874793693774
5,WIKI,0.788173307306443,0.2274018114773173,0.5226532525430706
