Unnamed: 0,Dataset,WithinGroupDiversity,InterGroupDiversity,CombinedFairnessDiversityScore
0,DiverseDataset,0.8326130461302065,0.3572160599028463,0.5922367071822334
1,FFHQ,0.8490862744014843,0.3623097964401387,0.5769824236199599
2,IMDB,0.823181900868899,0.3528325015009928,0.5814353988643339
3,LFW,0.8267496569989369,0.357652198535185,0.5823201251097239
4,UTK,0.8319857009448904,0.3491943432147477,0.5684335815737073
5,WIKI,0.8442278063934815,0.3611708834047283,0.5974840144120415
