Unnamed: 0,Dataset,WithinGroupDiversity,InterGroupDiversity,CombinedFairnessDiversityScore
0,DiverseDataset,0.81128608065797,0.3529325500953,0.5889899485763727
1,FFHQ,0.8235720910010691,0.3181337256737752,0.5700595575841529
2,IMDB,0.804006149414287,0.3411861208771372,0.5689245168216179
3,LFW,0.8095737952328431,0.27283178518447515,0.5422044682399368
4,UTK,0.7973376365591601,0.3480968592833892,0.577640731575872
5,WIKI,0.820565419348922,0.24148460277505843,0.5294712450189211
