Unnamed: 0,Dataset,WithinGroupDiversity,InterGroupDiversity,CombinedFairnessDiversityScore
0,DiverseDataset,0.8159624608485816,0.3487237708975085,0.5890418570522408
1,FFHQ,0.8318819313247873,0.3514784453334069,0.5799914829378664
2,IMDB,0.7974456809960342,0.35160180650555267,0.5690011088914323
3,LFW,0.8569434305219136,0.3582268366879662,0.5871929096189322
4,UTK,0.7889863648284284,0.34736814435160235,0.5679311123571668
5,WIKI,0.8525472494513042,0.359687108233249,0.6018634619298853
