Unnamed: 0,Dataset,WithinGroupDiversity,InterGroupDiversity,CombinedFairnessDiversityScore
0,DiverseDataset,0.828589945863685,0.3494848649194944,0.5902679633077265
1,FFHQ,0.8411337165764925,0.31851015436494484,0.5695215233239755
2,IMDB,0.7998415114667415,0.34244607077485184,0.572991802041054
3,LFW,0.8217345668437953,0.26803610349209006,0.5373096188128088
4,UTK,0.8124922105634319,0.3521736205631015,0.5822121570474547
5,WIKI,0.8173422213359145,0.2394206963873916,0.5326684582742712
