Unnamed: 0,Dataset,WithinGroupDiversity,InterGroupDiversity,CombinedFairnessDiversityScore
0,DiverseDataset,0.7930079349578475,0.34863943946127146,0.5811786042284691
1,FFHQ,0.8235288544302787,0.31710918072857736,0.5584169238140712
2,IMDB,0.805329716859309,0.33853117374326447,0.5697866299127808
3,LFW,0.8149257126581002,0.26812612739695857,0.5526308679500759
4,UTK,0.7973472213744413,0.35298970127579365,0.5714657589076159
5,WIKI,0.8000756294020255,0.23082291042422015,0.5173938716823255
