Unnamed: 0,Dataset,WithinGroupDiversity,InterGroupDiversity,CombinedFairnessDiversityScore
0,DiverseDataset,0.8340364389943269,0.34721914561707173,0.5910544965283552
1,FFHQ,0.8113689502674113,0.35256587064773587,0.5843820458983303
2,IMDB,0.8069083650218414,0.34850616097689857,0.5720642730714816
3,LFW,0.8216186597737858,0.3621066179457299,0.6147990804728898
4,UTK,0.7950592629107937,0.3505698340493527,0.5703997982282758
5,WIKI,0.8266596846713627,0.36205093601315264,0.6015523489402202
