Unnamed: 0,Dataset,WithinGroupDiversity,InterGroupDiversity,CombinedFairnessDiversityScore
0,DiverseDataset,0.8232621619655023,0.3520097794643519,0.5905580120182582
1,FFHQ,0.8424930778998231,0.3497405355604157,0.6033477386300224
2,IMDB,0.8111715241715279,0.34920677518759624,0.5685113868272225
3,LFW,0.8251657813560357,0.3577693098722405,0.5961116922697648
4,UTK,0.8133985007918548,0.34900340041138783,0.5681460557717042
5,WIKI,0.8354158854891549,0.35934698946264326,0.5989500978428067
