Unnamed: 0,Dataset,WithinGroupDiversity,InterGroupDiversity,CombinedFairnessDiversityScore
0,DiverseDataset,0.8318230609139622,0.3514905584539271,0.604843631045374
1,FFHQ,0.8142254453898271,0.3208319608625288,0.5749833882992224
2,IMDB,0.7922300993731737,0.3405684789961444,0.5713901004827577
3,LFW,0.8230451059610011,0.26796865485195154,0.5428594259464538
4,UTK,0.7869370068353547,0.34844876110499257,0.5716615444591712
5,WIKI,0.8126478302691641,0.23255042770426074,0.5202177392442204
