Unnamed: 0,Dataset,WithinGroupDiversity,InterGroupDiversity,CombinedFairnessDiversityScore
0,DiverseDataset,0.829813556475133,0.36261377678545587,0.589105094041906
1,FFHQ,0.8303840824356216,0.35921533786438314,0.6043415072820341
2,IMDB,0.8061769293833438,0.34732992892662734,0.5803185958835974
3,LFW,0.8426435858638913,0.3593440738661494,0.5832803816374692
4,UTK,0.8237263060646597,0.3490581810952941,0.5772984758290182
5,WIKI,0.8318679212980712,0.3573330742705715,0.6026036700017514
