Unnamed: 0,Dataset,WithinGroupDiversity,InterGroupDiversity,CombinedFairnessDiversityScore
0,DiverseDataset,0.8072897982787038,0.3474013189237018,0.587246713677912
1,FFHQ,0.8165222378074866,0.32227897065434047,0.570559495900373
2,IMDB,0.8169502764139444,0.340432447452345,0.5694031263675602
3,LFW,0.7996657416856853,0.27065983156296486,0.5389629800712291
4,UTK,0.803865015287149,0.34943428268041155,0.579236689671403
5,WIKI,0.8227448584121021,0.2370906082223213,0.5271829769202234
