Unnamed: 0,Dataset,WithinGroupDiversity,InterGroupDiversity,CombinedFairnessDiversityScore
0,DiverseDataset,0.8458022371645542,0.34738623442320776,0.5945690435293939
1,FFHQ,0.8191069197591108,0.31976890258762614,0.5837639635096554
2,IMDB,0.8138934067918898,0.33740094228929896,0.5677895863912489
3,LFW,0.8078668198353745,0.27258042869131616,0.5253646189593271
4,UTK,0.8120089890402503,0.3511157080400226,0.5686088532478077
5,WIKI,0.7924892545089207,0.2305524052245389,0.5188463289623684
