Unnamed: 0,Dataset,WithinGroupDiversity,InterGroupDiversity,CombinedFairnessDiversityScore
0,DiverseDataset,0.8168461814712562,0.3522445774846782,0.5882318130724333
1,FFHQ,0.8083694254020595,0.3226071082429755,0.5700156443549595
2,IMDB,0.7994021237773816,0.34118341523594015,0.5725907166075797
3,LFW,0.8082292175225709,0.27130508150643723,0.5365955449255108
4,UTK,0.7958853498956606,0.3484502919069396,0.5671763640160273
5,WIKI,0.806613978513449,0.22867244516966298,0.5208888075680153
