Unnamed: 0,Dataset,WithinGroupDiversity,InterGroupDiversity,CombinedFairnessDiversityScore
0,DiverseDataset,0.8287373379699385,0.3594118940968841,0.5916611385460636
1,FFHQ,0.8089319573279512,0.36188344094847225,0.5928068255819122
2,IMDB,0.8054294902560559,0.3493967373566942,0.5786538288571056
3,LFW,0.8192411427721997,0.3628268683695457,0.6034380906195526
4,UTK,0.8100176310124103,0.3476637315308399,0.5924711483693853
5,WIKI,0.8528911699452065,0.3611265093721276,0.5987328940419481
