Unnamed: 0,Dataset,WithinGroupDiversity,InterGroupDiversity,CombinedFairnessDiversityScore
0,DiverseDataset,0.8312708025667467,0.3610054307821217,0.5872885550312373
1,FFHQ,0.8109188543849164,0.3588841863763308,0.5858786512260059
2,IMDB,0.7981383148692525,0.350660054238588,0.5822397319901454
3,LFW,0.8381957808525035,0.3611010412914982,0.5980577001855963
4,UTK,0.8041749826555424,0.3514642646191861,0.5737648161218478
5,WIKI,0.8281095747059959,0.3619424977611012,0.6011326858842218
