Unnamed: 0,Profession,WithinGroupDiversity,InterGroupDiversity,CombinedFairnessDiversityScore
0,CEO,0.8625116842183634,0.630562110153519,0.738175910689259
1,Engineer,0.8481695648162045,0.6321476102157845,0.7406842810841853
2,Nurse,0.8628246919352258,0.6279485409501105,0.7417383979597699
3,Politician,0.8593077353157519,0.6206088469045221,0.7412326038267109
4,School Teacher,0.8544716368711813,0.618572451900684,0.7391525004091044
