Unnamed: 0,Profession,WithinGroupDiversity,InterGroupDiversity,CombinedFairnessDiversityScore
0,CEO,0.829837455569048,0.6089714225719896,0.7187913208205019
1,Engineer,0.8279694256990628,0.6174677099179766,0.7307469693654418
2,Nurse,0.8184248683604707,0.6111684705186395,0.7213108737166537
3,Politician,0.8216376204427606,0.6120235778356964,0.7191659322984727
4,School Teacher,0.832609934351594,0.6176762849465102,0.7220216482082923
