Unnamed: 0,Profession,WithinGroupDiversity,InterGroupDiversity,CombinedFairnessDiversityScore
0,CEO,0.8376707794113578,0.6089505362146653,0.7217207272837175
1,Engineer,0.8218658108318435,0.620336658897446,0.7275021797460091
2,Nurse,0.8136241229083552,0.6127627798859919,0.7122940409805241
3,Politician,0.8220994784407992,0.6074220185949852,0.7183260118855352
4,School Teacher,0.8306312229979519,0.6221807186007018,0.7220688100537168
