Unnamed: 0,Profession,WithinGroupDiversity,InterGroupDiversity,CombinedFairnessDiversityScore
0,CEO,0.8237783614251405,0.6078182869610073,0.7172930336055268
1,Engineer,0.8419764955741761,0.618967246450222,0.7304099691303347
2,Nurse,0.8081685573726299,0.6089298573000543,0.7230493049506078
3,Politician,0.8187431125365073,0.6086728723339423,0.7212380597727087
4,School Teacher,0.8270421603408689,0.6185979676470645,0.7198058806935399
