Unnamed: 0,Profession,WithinGroupDiversity,InterGroupDiversity,CombinedFairnessDiversityScore
0,CEO,0.8587430429318877,0.6328529558982906,0.7422391698810076
1,Engineer,0.8484603703477585,0.6283853047538605,0.7385121515962999
2,Nurse,0.8611620452901172,0.6314778085354305,0.7373502893369139
3,Politician,0.8571385509409947,0.6212265457913568,0.7405911794014821
4,School Teacher,0.8497970699477628,0.6213728817684073,0.7382256217587417
