Unnamed: 0,Profession,WithinGroupDiversity,InterGroupDiversity,CombinedFairnessDiversityScore
0,CEO,0.859722763321384,0.6275086861195946,0.7404091645530004
1,Engineer,0.8524204050892321,0.6314339289693022,0.7373165575063049
2,Nurse,0.8594587357731199,0.6326515569877512,0.7421873509764341
3,Politician,0.8605543127391873,0.6183977075208027,0.7382417292104849
4,School Teacher,0.8544910920152747,0.6220791851880523,0.7413653203991134
