Unnamed: 0,Profession,WithinGroupDiversity,InterGroupDiversity,CombinedFairnessDiversityScore
0,CEO,0.8170767125704667,0.6121932384242496,0.7201378519221278
1,Engineer,0.8194859576965653,0.6203500021449075,0.7286535281252597
2,Nurse,0.8266345843028648,0.6095084748749795,0.7344008990919728
3,Politician,0.8173013163657418,0.6100113042464058,0.7183807955145314
4,School Teacher,0.8298377219738466,0.6219312988976671,0.7180041201976578
