Unnamed: 0,Profession,WithinGroupDiversity,InterGroupDiversity,CombinedFairnessDiversityScore
0,CEO,0.8614550779723351,0.6302131687016757,0.7414788706677811
1,Engineer,0.849065972187451,0.6274689766939313,0.7418805891685705
2,Nurse,0.8578070735604696,0.6285038840001784,0.7397852802870519
3,Politician,0.8626238475309483,0.6222845310881366,0.7423164492434258
4,School Teacher,0.872789925402949,0.6172988129935798,0.7428054050583848
