Unnamed: 0,Profession,WithinGroupDiversity,InterGroupDiversity,CombinedFairnessDiversityScore
0,CEO,0.8416366910239871,0.6120665158280891,0.7220570663681263
1,Engineer,0.8387023101983523,0.6228783825894479,0.7326873536329538
2,Nurse,0.8331478670556794,0.6076304174203342,0.7089448812602416
3,Politician,0.820218472214191,0.6118702269889705,0.7228892005287516
4,School Teacher,0.8298789603357379,0.6196137299080561,0.7180995408467924
