Unnamed: 0,Profession,WithinGroupDiversity,InterGroupDiversity,CombinedFairnessDiversityScore
0,CEO,0.8575674315560294,0.62886307912692,0.7376968842089522
1,Engineer,0.8518836875593543,0.6305641793671215,0.7416064206446383
2,Nurse,0.858747453441067,0.6294182095265293,0.7389386814398304
3,Politician,0.8603755534731178,0.6174823686951812,0.7376180383178962
4,School Teacher,0.8684502757628318,0.6206766681492765,0.7384511523746556
